<annotation>
  <folder>frame</folder>
  <filename>frame_20241112_130719.jpg</filename>
  <source>
    <database>Unknown</database>
    <annotation>Unknown</annotation>
    <image>Unknown</image>
  </source>
  <size>
    <width>1920</width>
    <height>1080</height>
    <depth></depth>
  </size>
  <segmented>0</segmented>
  <object>
    <name>C (Cargo Vehicles)</name>
    <truncated>0</truncated>
    <occluded>0</occluded>
    <difficult>0</difficult>
    <bndbox>
      <xmin>585.93</xmin>
      <ymin>959.29</ymin>
      <xmax>721.37</xmax>
      <ymax>1044.14</ymax>
    </bndbox>
    <attributes>
      <attribute>
        <name>rotation</name>
        <value>45.80000000000004</value>
      </attribute>
    </attributes>
  </object>
</annotation>
