<annotation>
  <folder>frame</folder>
  <filename>frame_20241112_123331.jpg</filename>
  <source>
    <database>Unknown</database>
    <annotation>Unknown</annotation>
    <image>Unknown</image>
  </source>
  <size>
    <width>1920</width>
    <height>1080</height>
    <depth></depth>
  </size>
  <segmented>0</segmented>
  <object>
    <name>S (Buses)</name>
    <truncated>0</truncated>
    <occluded>0</occluded>
    <difficult>0</difficult>
    <bndbox>
      <xmin>364.3</xmin>
      <ymin>712.21</ymin>
      <xmax>548.94</xmax>
      <ymax>792.78</ymax>
    </bndbox>
    <attributes>
      <attribute>
        <name>rotation</name>
        <value>349.0</value>
      </attribute>
    </attributes>
  </object>
  <object>
    <name>V (Passenger Vehicles)</name>
    <truncated>0</truncated>
    <occluded>0</occluded>
    <difficult>0</difficult>
    <bndbox>
      <xmin>120.13</xmin>
      <ymin>802.26</ymin>
      <xmax>204.29</xmax>
      <ymax>844.3</ymax>
    </bndbox>
    <attributes>
      <attribute>
        <name>rotation</name>
        <value>0.0</value>
      </attribute>
    </attributes>
  </object>
  <object>
    <name>V (Passenger Vehicles)</name>
    <truncated>0</truncated>
    <occluded>0</occluded>
    <difficult>0</difficult>
    <bndbox>
      <xmin>870.62</xmin>
      <ymin>853.8</ymin>
      <xmax>983.59</xmax>
      <ymax>918.09</ymax>
    </bndbox>
    <attributes>
      <attribute>
        <name>rotation</name>
        <value>18.40000000000002</value>
      </attribute>
    </attributes>
  </object>
  <object>
    <name>S (Buses)</name>
    <truncated>0</truncated>
    <occluded>0</occluded>
    <difficult>0</difficult>
    <bndbox>
      <xmin>526.88</xmin>
      <ymin>635.82</ymin>
      <xmax>566.62</xmax>
      <ymax>705.95</ymax>
    </bndbox>
    <attributes>
      <attribute>
        <name>rotation</name>
        <value>7.5</value>
      </attribute>
    </attributes>
  </object>
</annotation>
