<annotation>
  <folder>frame</folder>
  <filename>frame_20241112_130624.jpg</filename>
  <source>
    <database>Unknown</database>
    <annotation>Unknown</annotation>
    <image>Unknown</image>
  </source>
  <size>
    <width>1920</width>
    <height>1080</height>
    <depth></depth>
  </size>
  <segmented>0</segmented>
  <object>
    <name>V (Passenger Vehicles)</name>
    <truncated>0</truncated>
    <occluded>0</occluded>
    <difficult>0</difficult>
    <bndbox>
      <xmin>891.72</xmin>
      <ymin>876.25</ymin>
      <xmax>1001.87</xmax>
      <ymax>931.56</ymax>
    </bndbox>
    <attributes>
      <attribute>
        <name>rotation</name>
        <value>20.200000000000003</value>
      </attribute>
    </attributes>
  </object>
  <object>
    <name>V (Passenger Vehicles)</name>
    <truncated>0</truncated>
    <occluded>0</occluded>
    <difficult>0</difficult>
    <bndbox>
      <xmin>530.28</xmin>
      <ymin>674.35</ymin>
      <xmax>558.33</xmax>
      <ymax>701.21</ymax>
    </bndbox>
    <attributes>
      <attribute>
        <name>rotation</name>
        <value>0.0</value>
      </attribute>
    </attributes>
  </object>
  <object>
    <name>V (Passenger Vehicles)</name>
    <truncated>0</truncated>
    <occluded>0</occluded>
    <difficult>0</difficult>
    <bndbox>
      <xmin>961.31</xmin>
      <ymin>849.93</ymin>
      <xmax>1070.22</xmax>
      <ymax>906.86</ymax>
    </bndbox>
    <attributes>
      <attribute>
        <name>rotation</name>
        <value>22.299999999999997</value>
      </attribute>
    </attributes>
  </object>
  <object>
    <name>V (Passenger Vehicles)</name>
    <truncated>0</truncated>
    <occluded>0</occluded>
    <difficult>0</difficult>
    <bndbox>
      <xmin>1003.39</xmin>
      <ymin>915.52</ymin>
      <xmax>1120.96</xmax>
      <ymax>969.97</ymax>
    </bndbox>
    <attributes>
      <attribute>
        <name>rotation</name>
        <value>19.300000000000026</value>
      </attribute>
    </attributes>
  </object>
</annotation>
